TitleID;Game;Xefu
45410026;007: NightFire;xefu
45530018;25 To Life;xefu7
54540001;4x4 EVO 2;xefu3
41430007;Aggressive Inline;xefu3
4B4E0002;Airforce Delta Storm;xefu
41430016;Alias;xefu
5A440004;Alien Hominid;xefu7
56550022;Aliens Versus Predator: Extinction;xefu
41430002;All-Star Baseball 2003;xefu5
4143001C;All-Star Baseball 2005;xefu3
55530043;America’s Army: Rise of a Soldier;xefu7
42530009;AMF Bowling 2004;xefu7
4D530041;Amped 2;xefu3
4D530005;Amped: Freestyle Snowboarding;xefu
49470015;Apex;xefu7
544D0003;Aquaman: Battle for Atlantis;xefu3
45410094;Arena Football;xefu7
4C41000D;Armed & Dangerous;xefu7
54540014;Army Men: Sarge’s War;xefu
49470079;Atari Anthology;xefu
4143000A;ATV Quad Power Racing 2;xefu
4343000E;Auto Modellista;xefu7
54510105;Avatar: The Last Airbender;xefu7
454D0016;Bad Boys: Miami Takedown;xefu3
5655001A;Baldur's Gate: Dark Alliance;xefu7
4950000A;Baldur's Gate: Dark Alliance 2;xefu
5655002A;Barbie Horse Adventures: Wild Horse Rescue;xefu
56550048;Bass Pro Shops: Trophy Hunter 2007;xefu7
45410389;Batman Begins™;xefu
5553001C;Batman: Rise of Sin Tzu;xefu7
49470010;Battle Engine Aquila;xefu
45410062;Battlefield 2: Modern Combat;xefu2021c
5655000F;Battlestar Galactica (2003);xefu
55530018;Beyond Good & Evil;xefu7
454D0002;Big Mutha Truckers;xefu3
45410039;Bionicle;xefu7
53550001;Bistro Cupid;xefu3
45410083;Black;xefu3
41560005;Blade II;xefu7
4D530065;Blinx 2: Masters of Time & Space;xefu7
4D530013;Blinx: The Time Sweeper;xefu7
4D570026;Blitz: The League;xefu7
45530006;Blood Omen 2;xefu7b
4D4A000D;BloodRayne 2;xefu7
48550001;BLOODY ROAR extreme;xefu7b
4D4A0008;BlowOut;xefu7
4143000E;BMX XXX;xefu
4E4D0009;BREAKDOWN;xefu7b
42530012;Breeders’ Cup World Thoroughbred Championships;xefu7
5451001D;Broken Sword - The Sleeping Dragon;xefu7
4D53001E;Brute Force;xefu
56550005;Buffy the Vampire Slayer: Chaos Bleeds;xefu
45410012;Buffy: The Vampire Slayer;xefu3
41430006;Burnout;xefu7
41430019;Burnout 2;xefu7
4541005B;Burnout 3;xefu6
4156003E;Cabela’s Big Game Hunter 2005 Adventures;xefu
41560019;Cabela’s Dangerous Hunts;xefu
41560052;Cabela’s Dangerous Hunts 2;xefu7
4156003F;Cabela’s Deer Hunt 2005 Season;xefu
41560030;Cabela’s Deer Hunt: 2004 Season;xefu
4156004D;Cabela’s Outdoor Adventures;xefu
42530007;Call of Cthulhu: Dark Corners of the Earht;xefu5
41560051;Call of Duty 2: Big Red One;xefu7
4156005D;Call of Duty 3;xefu7
4156002A;Call of Duty: Finest Hour;xefu
43430008;CAPCOM VS. SNK2 EO;xefu7
545100F2;Cars;xefu7
4B4E002D;Castlevania: Curse of Darkness;xefu7
4541005C;Catwoman;xefu3
4D53006D;CDX;xefu
584C8014;CDX;xefu3
45410011;Cel Damage;xefu2021c
53430100;Championship Manager 2006;xefu7
55530039;Chessmaster;xefu2021c
4B420005;Chicago Enforcer;xefu
45430001;Circus Maximus: Chariot Wars;xefu
5451000C;Circus Maximus: Chariot Wars;xefu
54540012;Close Combat: First to Fight;xefu
5553004B;Cold Fear;xefu7
434D0010;Colin McRae Rally 04;xefu
434D002B;Colin McRae Rally 2005;xefu7
53500001;Combat Elite: WWII Paratroopers;xefu
45530008;Commandos 2;xefu
53430001;Conflict: Desert Storm;xefu
54540005;Conflict: Desert Storm;xefu
4D530051;Conker Live and Reloaded;xefu6
5343000F;Constantine;xefu
4D530036;Counter-Strike;xefu5
4B4E0011;Crash Bandicoot 4 - Sakuretsu! Majin Power;xefu7
56550003;Crash Bandicoot: The Wrath of Cortex;xefu7
56560001;Crash Bandicoot: The Wrath of Cortex;xefu7
5655001F;Crash Nitro Kart;xefu5
56550036;Crash Twinsanity;xefu
53450004;CRAZY TAXI 3 High Roller;xefu7
4B4E001C;Crime Life: Gang Wars;xefu7
4B4F0002;Crimson Sea;xefu2021c
4D530021;Crimson Skies;xefu
55530020;Crouching Tiger, Hidden Dragon;xefu
49470013;D&D Heroes;xefu7
434B0001;Dai Senryaku VII: Modern Military Tactics;xefu7
56560010;Dark Angel;xefu
43430016;Darkwatch;xefu
5553005C;Darkwatch;xefu
41430001;Dave Mirra Freestyle BMX 2;xefu7b
4D53002D;Dead or Alive 3;xefu2
54430001;Dead or Alive 3;xefu7
54430006;Dead or Alive Ultimate;xefu3
54430007;Dead or Alive XtremeBeachVolleyBall;xefu2
4541002C;Dead to Rights;xefu5
4E4D0005;Dead To Rights;xefu5
45530004;Deadly Shadows;xefu
55530004;Deathrow;xefu
54510026;Destroy All Humans!;xefu5
45530005;Deus Ex: Invisible War;xefu7
42410001;Digimon Rumble Arena 2;xefu5
544D000F;Dinotopia: The Sunstone Odyssey;xefu
41560020;Doom 3;xefu3
4156004E;Doom 3: Resurrection of Evil;xefu7
4D4A000B;Drake;xefu
41590004;Dreamfall;xefu3
4D580001;Dreamfall: The Longest Journey;xefu3
58490007;Dredd vs Death;xefu
4B4F0007;Dynasty Warriors 5;xefu7
4B4F0003;DynastyWarriors3;xefu7
4B4F0004;DynastyWarriors4;xefu5
45410086;EA SPORTS FN 3;xefu6
5553005A;Earned In Blood;xefu2021c
4B420002;Egg Mania: Eggstreme Madness;xefu
49470022;Enter The Matrix;xefu7
53450024;ESPN College Hoops;xefu6
53450033;ESPN College Hoops 2K5;xefu7
53450028;ESPN Major League Baseball;xefu3
4B4E0005;ESPN MLS ExtraTime 2002;xefu
53450030;ESPN NFL 2K5;xefu7
53450032;ESPN NHL 2K5;xefu7
53450026;ESPN NHL Hockey;xefu7
5451000B;Evil Dead: A Fistful of Boomstick;xefu5
54510025;Evil Dead: Regeneration;xefu7b
4B4B0003;ExaSkeleton;xefu7
49460001;ExChaser;xefu5
45410007;F1 2001;xefu
4D53000D;Fable;xefu3
4D5300D1;Fable: The Lost Chapters;xefu3
4947007B;Fahrenheit;xefu5
49500008;Fallout Brotherhood of Steel;xefu7
545400B0;Family Guy;xefu5
4156001A;Fantastic 4;xefu7
55530008;FarCry Instincts;xefu6
55530060;FarCry Instincts Evolution;xefu7
54430004;Fatal Frame;xefu3
5443000A;Fatal Frame 2;xefu5
454100A6;FIFA 2007;xefu7
45410078;FIFA Soccer 06;xefu7
45410017;FIFA Soccer 2003;xefu
4541003B;FIFA Soccer 2004;xefu
45410072;FIFA Street;xefu
45410085;FIFA Street 2;xefu7
4541009C;FIFA World Cup: Germany 2006;xefu5
4541004B;Fight Night 2004;xefu
45410055;Fight Night Round 2;xefu
5655002F;FightClub;xefu7
43430013;Final Fight: Streetwise;xefu7
454D0009;FlatOut;xefu3
454D0020;FlatOut2;xefu7
41510002;Flight Academy;xefu3
54540077;Ford Mustang: The Legend Lives;xefu
54540089;Ford vs. Chevy;xefu5
49470074;Forgotten Realms: Demon Stone;xefu7
4D53006E;Forza Motorsport;xefu3
4D570007;Freaky Flyers;xefu3
4541002E;Freedom Fighters;xefu7
4B4E0013;Frogger Beyond;xefu
4B4E002C;Frogger: Ancient Shadow;xefu
54510022;Full Spectrum Warrior: Ten Hammers;xefu7
545100F8;Full Spectrum Warrior: Ten Hammers;xefu7
46490002;Futurama;xefu
56550008;Futurama;xefu
43560007;Future Tactics: The Uprising;xefu7
4D530002;Fuzion Frenzy;xefu7
4D570022;Gauntlet: Seven Sorrows;xefu3
4D570033;Gauntlet: SevenSorrows;xefu3
43430001;Genma Onimusha;xefu
55530006;Ghost Recon;xefu2
4A410005;Goblin Commander: Unleash the Horde;xefu
49470039;Godzilla: Destroy All Monsters Melee;xefu7
49470073;Godzilla: Save the Earth;xefu7
4541005D;GoldenEye: Rogue Agent;xefu7
5553004D;GR2: Summit Strike;xefu2
4D530053;Grabbed by the Ghoulies;xefu3
5454000E;Grand Theft Auto III;xefu
54540082;Grand Theft Auto: San Andreas;xefu
54540086;Grand Theft Auto: San Andreas;xefu
545400A4;Grand Theft Auto: San Andreas;xefu
5454000F;Grand Theft Auto: Vice City;xefu
54540073;Grand Theft Auto: Vice City;xefu
4D57000D;Gravity Games Bike: Street Vert Dirt;xefu
41560042;Greg Hastings’ Tournament Paintball;xefu
41560057;Greg Hastings’ Tournament Paintball Max’d;xefu7
45430002;Grooverider Slot Car Thunder;xefu
545400A3;GTA San Andreas;xefu
545400A5;GTA Trilogy Edition;xefu
41570001;Guilty Gear Isuka;xefu7
53410002;GuiltyGearX2#RELOAD;xefu7
4156004B;Gun;xefu7
5345000B;GUNVALKYRIE;xefu7
45410091;Half-Life 2;xefu5
4D530004;Halo - Combat Evolved;xefu
4D530064;Halo 2;xefu1_1
4D5380CD;Halo 2 Multiplayer Map Pack;xefu
4D530057;Halo Combat Evolved;xefu
4541000E;Harry Potter and the Chamber of Secrets;xefu7
45410077;Harry Potter and the Goblet of Fire;xefu
4541004C;Harry Potter: POA;xefu7
45410037;Harry Potter: SS;xefu
54440006;High Heat Major League Baseball 2004;xefu5
4253000F;High Rollers Casino;xefu
534300FA;Hitman Blood Money;xefu2021c
45530012;Hitman Contracts;xefu
54510089;Hot Wheels: Stunt Track Challenge;xefu6
56550011;Hulk;xefu
56560008;Hulk;xefu
564E0004;Hunter: The Reckoning;xefu7
56550007;Hunter: The Reckoning;xefu7
4E4D000F;I-Ninja;xefu5
42530011;IHRA Drag Racing: Sportsman Edition;xefu
4253000C;IHRA Professional Drag Racing 2005;xefu
4C410007;Indiana Jones and the Emperor’s Tomb;xefu7
434D0024;IndyCar Series 2005;xefu3
4B550001;Innocent Tears;xefu6
4D530034;Inside Pitch 2003;xefu
43560006;Intellivision Lives!;xefu3
45410042;James Bond 007: Everything or Nothing;xefu7
56550014;James Cameron’s Dark Angel;xefu
5345000A;Jet Set Radio Future;xefu7
49470018;JSRF: Jet Set Radio Future;xefu7
5656000D;Judge Dredd: Dredd VS Death;xefu
56550021;Jurassic Park: Operation Genesis;xefu
5656000A;Jurassic Park: Operation Genesis;xefu
534300FB;Just Cause;xefu7
57520001;Justice League Heroes;xefu6
43560001;Kabuki Warriors;xefu5
4D53000C;Kakuto Chojin;xefu2021c
41560002;Kelly Slater’s Pro Surfer;xefu
4E4D000B;kill.switch;xefu3
4B4E0024;King Arthur;xefu6
504C0005;Kingdom Under Fire;xefu7
504C0006;Kingdom Under Fire: Heroes;xefu7
504C0002;Kingdom Under Fire: The Crusaders;xefu7
504C0004;Kingdom Under Fire: The Crusaders;xefu7
4D530031;Kung Fu Chaos;xefu7
4C41001F;LEGO Star Wars II: The Original Trilogy;xefu5
4553001D;LEGO Star Wars: The Video Game;xefu3
56550031;Leisure Suit Larry: Magna Cum Laude;xefu5
4156001F;Lemony Snicket’s A Series of Unfortunate Events;xefu
4D53005D;Links 2004;xefu5
49470006;Loons - The Fight For Fame;xefu
4541005F;LOTR3;xefu7
4947001F;M:I - OP SURMA;xefu7
56550018;Mace Griffin Bounty Hunter;xefu7
45530001;Mad Dash Racing;xefu6
4D530066;Magatama;xefu5
4947000E;Magic: The Gathering - Battlegrounds;xefu7
49470072;Magic: The Gathering - Battlegrounds;xefu7
4253000A;Malice;xefu2021c
54540019;Manhunt;xefu
45410095;Marvel Nemesis: Imperf;xefu6
4541038A;Marvel Nemesis: Rise of the Imperfects;xefu6
43430007;Marvel vs. capcom2;xefu7
4156005C;Marvel: Ultimate Alliance;xefu7
454D001B;Mashed;xefu7
4156000B;Mat Hoffman’s Pro BMX 2;xefu
54540003;Max Payne;xefu
5454000C;Max Payne 2;xefu
4D53002E;Maximum Chase;xefu5
4D530017;MechAssault;xefu3
4D53006B;MechAssault;xefu7
4541005E;Medal of Honor: European Assault;xefu
4541001A;Medal of Honor: Frontline;xefu
4541003F;Medal of Honor: Rising Sun;xefu
43430011;Megaman Anniversary Collection;xefu
4C410015;Mercenaries;xefu7
5655000A;Metal Arms;xefu
4B4E0007;MGS2 SUBSTANCE;xefu7
4947001C;Micro Machines;xefu
54540079;Midnight Club 3: DUB Edition;xefu7
4D53002A;Midtown Madness 3;xefu7
4D57001C;Midway Arcade Treasures;xefu7
4D570020;Midway Arcade Treasures 2;xefu7
434D0003;Mike Tyson Heavyweight Boxing;xefu
41560014;Minority Report: Everybody Runs;xefu3
4D57000C;MK Deadly Alliance;xefu7
4D570029;MK Shaolin Monks;xefu7
4D570008;MLB Slugfest 2003;xefu7
4D570009;MLB Slugfest 2004;xefu3
4D57001D;MLB SlugFest: Loaded;xefu7
43560005;Mojo!;xefu
41560041;Monster Garage;xefu
4D570034;Mortal Kombat: Armageddon;xefu6
4D570019;Mortal Kombat: Deception;xefu5
4D570023;Mortal Kombat: Deception;xefu5
54510008;MotoGP;xefu6
54510016;MotoGP 2;xefu6
434D0029;MTV Music Generator 3: This Is the Remix;xefu
41560022;MTX Mototrax;xefu3
55530016;MURAKUMO;xefu
46530001;Murakumo: Renegade Mech Pursuit;xefu
56430001;Muzzle Flash;xefu5
4541002D;MVP Baseball 2003;xefu6
45410045;MVP Baseball 2004;xefu6
45410056;MVP Baseball 2005;xefu7
54510021;MX Unleashed;xefu5
545100ED;MX vs. ATV Unleashed;xefu3
4356000E;MX World Tour Featuring Jamie Little;xefu
4D500001;Myst III: Exile;xefu7
55530011;Myst III: Exile;xefu7
53550002;Nakashima Tetsunari no Othello Seminar;xefu3
4E4D0007;Namco Museum;xefu
4E4D0016;Namco Museum 50th Anniversary;xefu5
4541008B;NASCAR 06: Total Team Control;xefu7
45410093;NASCAR 07;xefu7
45410002;NASCAR Thunder 2002;xefu7
4541001B;NASCAR Thunder 2003;xefu7
53450013;NBA 2K3;xefu7
4D570010;NBA Ballers;xefu7
4D530011;NBA Inside Drive 2002;xefu7
45410003;NBA Live 2002;xefu7
45410038;NBA Live 2004;xefu
45410058;NBA STREET V3;xefu7
53450018;NCAA College Basketball 2K3;xefu7
45410080;NCAA Football 06;xefu6
45410090;NCAA March Madness 06;xefu7
45410052;NCAA March Madness 2005;xefu7
4541006F;Need for Speed Underground;xefu
4541007B;Need For Speed: Most Wanted Black Editio;xefu2
54510001;New Legends;xefu7
53450006;NFL 2K2;xefu7b
53450011;NFL 2K3;xefu6
4D570001;NFL Blitz 20-02;xefu
4D57000A;NFL Blitz 20-03;xefu
4D570014;NFL Blitz Pro;xefu
4D53004D;NFL Fever 2004;xefu6
4541005A;NFS Underground 2;xefu
45410071;NFS: Underground 2;xefu
45410047;NFS:Underground;xefu6
45410030;NHL 2004;xefu
4541004F;NHL 2005;xefu7
53450017;NHL 2K3;xefu7
4D57000B;NHL Hitz 20-03;xefu
4D57001A;NHL Hitz Pro;xefu7
4D530008;Nightcaster;xefu7
4A410002;NightCaster2;xefu7
54430003;Ninja Gaiden;xefu3
5443000D;NINJA GAIDEN Black;xefu3
4B4F0001;Nobunaga no Yabou: Ranseiki;xefu7
4D530001;Oddworld: Munch’s Oddysee;xefu7
55530061;Open Season;xefu6
46530002;OTOGI;xefu7
46530004;OTOGI2;xefu7
54540017;Outlaw Golf 2;xefu
53530006;Outlaw Golf: 9 More Holes Of X-Mas;xefu6
54540076;Outlaw Tennis;xefu5
53530003;Outlaw Volleyball;xefu
53530007;Outlaw Volleyball;xefu
53538003;Outlaw Volleyball;xefu6
53450088;OutRun 2006: Coast 2 Coast;xefu7
53450036;OutRun2;xefu6
41560058;Over the Hedge;xefu5
4E4D0017;Pac-Man World 3;xefu7
44430003;Painkiller;xefu7
4947002B;Panzer Dragoon Orta;xefu7
53450007;Panzer Dragoon: ORTA;xefu7
4A570009;Panzer Elite Action: Fields of Glory;xefu3
47560001;Pariah;xefu6
41510001;Petit Copter;xefu6
504C0001;phantomcrash;xefu
4D530046;PhantomDust;xefu7
4356000A;Pinball Hall of Fame - The Gottlieb Collection;xefu
41560018;Pitfall: The Lost Expedition;xefu
41480002;Playboy: The Mansion;xefu7
544B0004;Plus Plumb 2;xefu5
56550030;Predator: Concrete Jungle;xefu
5553001D;Prince of Persia 2;xefu
5553003B;Prince of Persia WW;xefu7
55530058;Prince of Persia: T2T;xefu7
4343000B;Pro Cast Sports Fishing;xefu7
4B4E0030;Pro Evolution Soccer 5;xefu
434D0002;Pro Race Driver;xefu
4D530003;Project Gotham Racing;xefu7
4D53004B;Project Gotham Racing 2;xefu7
45530019;Project: Snowblind;xefu7
4D53004A;PSO;xefu7
4D4A0012;Psychonauts;xefu6
53550009;Psyvariar 2: Extend Edition;xefu5
41440002;Pump It Up: Exceed;xefu
54540011;Pure Pinball;xefu
53450027;Puyo Pop Fever;xefu
4D530015;Quantum Redshift;xefu
4541003D;Quidditch World Cup;xefu7
55530037;Rainbow Six 3: Black Arrow;xefu2
55530013;RainbowSix 3;xefu2
55530048;RainbowSix Lockdown;xefu5
4D53000F;RalliSport Challenge;xefu3
4D530039;RalliSport Challenge 2;xefu7
4156003A;Rapala Pro Fishing;xefu5
55530003;Rayman Arena;xefu
4D4A0011;Raze’s Hell;xefu
5454001A;Red Dead Revolver;xefu
54510005;Red Faction II;xefu
4D57000F;RedCard 20-03;xefu
534300FF;Reservoir Dogs;xefu7
41560010;Return to Castle Wolfenstein: Tides of War;xefu7
494F0008;Richard Burns Rally;xefu3
53430005;Richard Burns Rally;xefu3
49500006;RLH: Run Like Hell;xefu7
4D570018;RoadKill;xefu7
4343000C;Robin Hood: Defender of the Crown;xefu7
544D0002;Robotech: Battlecry;xefu
55530014;Rocky;xefu7b
55530034;Rocky: Legends;xefu
4B420004;Rogue Ops;xefu
5343000E;Rogue Trooper;xefu3
45410087;Rugby 06;xefu7
48450005;Rugby League 2;xefu7
534E0004;Samurai ShoDown V;xefu7
4B4F0006;SamuraiWarriors;xefu
5454007A;Scaler;xefu7
5655003F;Scarface;xefu6
5451001F;Scooby-Doo! Night of 100 Frights;xefu
454C0001;Scrapland;xefu
41560050;Sea World: Shamu’s Deep Sea Adventures;xefu
434D0047;Second Sight;xefu2019
4947002C;Sega GT 2002;xefu7
53450003;Sega GT 2002;xefu7
53450021;Sega GT Online;xefu7
49470029;Sega Soccer Slam;xefu
53450014;Sega Soccer Slam;xefu
4B4F0005;Sengoku Musou;xefu
54540004;Serious Sam;xefu5
49470025;Shadow Ops: Red Mercury;xefu7
53450086;Shadow the Hedgehog;xefu
41560038;Shark Tale;xefu5
54540083;Shattered Union;xefu7
45530013;ShellShock: Nam ’67;xefu
4D530032;Shenmue II;xefu6
45460001;Shinchou Mahjong (Nobunaga Mahjong);xefu5
4143001D;Showdown: Legends of Wrestling;xefu6
41560037;Shrek 2;xefu6
544D0004;Shrek: Super Party;xefu7
5454008F;Sid Meier's Pirates! ™;xefu5
4B4E0004;Silent Hill 2: Restless Dreams;xefu6
4B4E001F;Silent Hill 4;xefu3
4E4D0001;Smashing Drive;xefu3
4D530023;Sneakers;xefu5
4D49000D;Sniper Elite;xefu
5345002B;Sonic Heroes;xefu
5345003C;SONIC MEGACOLLECTION PLUS;xefu
53450087;Sonic Riders;xefu7
4E4D0003;SOULCALIBUR2;xefu7
4E4D000C;Spawn: Armageddon;xefu3
4143000B;Speed Kings;xefu
54510023;Sphinx;xefu
41560006;Spider-Man;xefu3
4343000A;Spider-Man;xefu3
4156002B;Spider-Man 2;xefu7
53450029;SPIKEOUT Battle Street;xefu7
4947001B;Splashdown;xefu7
54540093;Splat Renegade Paintball;xefu
5553000C;Splinter Cell;xefu2
55530019;Splinter Cell 2;xefu2
55530041;Splinter Cell-CT vs;xefu3
5553005E;Splinter Cell-DA;xefu6
545100FA;SpongeBob SquarePants: Lights, Camera, Pants!;xefu6
4D570037;Spy Hunter: Nowhere to Run;xefu5
4D57001B;SpyHunter 2;xefu
56550034;Spyro: A Hero’s Tail;xefu
4541003C;SSX 3;xefu3
45410082;SSX™ On Tour;xefu7
4D440004;Stake: Fortune Fighters;xefu
544D0010;Star Trek: Shattered Universe;xefu
4C410003;Star Wars - Knights of the Old Republic;xefu
4C410013;Star Wars - Republic Commando;xefu7
4C410004;Star Wars - The Clone Wars;xefu
4C41001A;Star Wars Battlefront 2;xefu3
4C410017;Star Wars Episode III: Revenge of the Sith;xefu
4C41000B;Star Wars Jedi Knight: Jedi Academy;xefu
4C410011;Star Wars: Battlefront;xefu3
4C410005;Star Wars: Jedi Starfighter;xefu7
4C410014;Star Wars: Knights of the Old Republic II: The Sith Lords;xefu
454D0005;Starsky & Hutch;xefu7
54540006;State of Emergency;xefu3
4343000F;Street Fighter Anniversary Collection;xefu7
4E4D0013;Street Racing Syndicate;xefu
41590002;Stubbs the Zombie in Rebel Without a Pulse;xefu
4A410004;Super Bubble Pop;xefu
53450038;Super Monkey Ball Deluxe;xefu
4C410019;SW: Republic Commando;xefu7
41430010;SX Superstar;xefu
4D490006;Syberia;xefu7
4D490008;Syberia 2;xefu7
53550005;Takahashi Junko no Mahjong Seminar;xefu3
4947000D;Taz Wanted;xefu5
5443000E;Tecmo Classic Arcade;xefu
41500001;Tenerezza;xefu5
4D53002F;Tenku - Freestyle Snowboarding;xefu3
4947003B;Terminator 3 - ROTM;xefu7
4947003E;Terminator 3: The Redemption;xefu7
49470007;Test Drive;xefu7
49470075;Test Drive: Eve of Destruction;xefu
5451000A;Tetris Worlds;xefu
53550006;Tetris Worlds (J);xefu
5451001C;Tetris Worlds Online;xefu7
49580001;The Bard’s Tale;xefu7
42560003;The Chronicles of Narnia: The Lion, the ;xefu7
545400AB;The Da Vinci Code;xefu7
42530001;The Elder Scrolls III - Morrowind;xefu7
55530015;The Elder Scrolls III: Morrowind;xefu7
42530005;The Elder Scrolls III: Morrowind - Game of the Year Edition;xefu7
54510020;The Fairly OddParents! Breakin’ Da Rules;xefu
56550004;The Fellowship of the Ring;xefu7
4541007D;The Godfather™;xefu7
53430003;The Great Escape;xefu
5454007B;The Guy Game;xefu7
53450008;The House of the Dead III;xefu
56550039;The Incredible Hulk:Ultimate Destruction;xefu
54510028;The Incredibles;xefu5
545100F6;The Incredibles: Rise of the Underminer;xefu3
534E0006;The King of Fighters 2002;xefu7
534E000A;The King of Fighters NeoWave;xefu7
5655004A;The Legend of Spyro: A New Beginning;xefu5
4947007C;The Matrix: PON;xefu7
54510018;The Punisher;xefu3
4541003E;The Return of the King™;xefu
56550015;The Simpsons Hit & Run;xefu
45410013;The Simpsons Road Rage;xefu
4541038B;The Sims 2;xefu7
5451001A;The SpongeBob SquarePants Movie;xefu
54510027;The SpongeBob SquarePants Movie;xefu5
4D570015;The Suffering;xefu3
49470026;The Terminator: Dawn of Fate;xefu
5655000D;The Thing;xefu
56560003;The Thing;xefu
45410010;The Two Towers(tm);xefu7
45410060;The Urbz: Sims in the City;xefu7
5454009B;The Warriors;xefu7
46530003;Thousand Land;xefu7
4C410022;Thrillville;xefu6
4156003C;THUG 2;xefu
454100A4;Tiger Woods PGA Tour 07;xefu7
4553000A;TimeSplitters 2;xefu2021c
45410066;TimeSplitters FP;xefu2021c
4B4E001B;TMNT;xefu
4B4E002A;TMNT(R)3;xefu7
4B4E0023;TMNT(TM)2;xefu7
4B4E0020;TMNT: Mutant Melee;xefu6
434D0050;TOCA Race Driver 3;xefu7
5345000F;ToeJam & Earl III;xefu7
4E4B0001;Tom & Jerry in War of the Whiskers;xefu7
55530005;Tom Clancy’s Ghost Recon 2;xefu2
55530007;Tom Clancy’s Ghost Recon: Island Thunder;xefu5
41560001;Tony Hawk's Pro Skater 2X;xefu7
41560004;Tony Hawk's Pro Skater 3;xefu7
41560017;Tony Hawk's Pro Skater 4;xefu
41560049;Tony Hawk’s American Wasteland;xefu
4156002D;Tony Hawk’s Underground;xefu7
545400A9;Torino 2006;xefu3
55530040;Tork: Prehistoric Punk;xefu
54510007;Toxic Grind;xefu
49470005;TransWorld Surf;xefu7
43560009;Trigger Man;xefu3
4947003D;Trivial Pursuit Unhinged;xefu6
41560045;True Crime: New York City;xefu7
4156000E;True Crime: Streets of LA;xefu5
41430004;Turok: Evolution;xefu7
45410029;Ty the Tasmanian Tiger;xefu
45410063;Ty the Tasmanian Tiger 2: Bush Rescue;xefu
41560055;Ty the Tasmanian Tiger 3: Night of the Quinkan;xefu
4541004A;UEFA Euro 2004: Portugal;xefu
544D000A;UFC TAPOUT2;xefu7
41560035;Ultimate Spider-Man;xefu5
4D4A000C;Ultra Bust-A-Move;xefu6
53550003;Umesawa Yukari no Igo Seminar;xefu3
49470024;Unreal Championship;xefu7
4D570021;Unreal Championship 2;xefu7
4947003C;Unreal II;xefu7
4143000C;Urban Freestyle Soccer;xefu
56550029;Van Helsing;xefu7
41430005;Vexx;xefu
5454000A;Vietcong: Purple Haze;xefu3
4D530084;Volvo: Drive for Life;xefu
4156000D;Wakeboarding Unleashed;xefu5
4756000A;Warpath;xefu7
4D530027;Whacked;xefu5
4D530040;Whacked! Trial Version;xefu5
4B4F0008;WinBack 2: Project Poseidon;xefu5
54540018;Wings of War;xefu7
4B4E0027;Winning Eleven 8;xefu7
43430014;Without Warning;xefu7
5345000E;World Series Baseball;xefu
5345001A;World Series Baseball 2K3;xefu3
4B4E002F;World Soccer Winning Eleven 9;xefu3
5345002A;Worms 3D;xefu7
434D0052;Worms 4: Mayhem;xefu
4D4A0017;Worms 4: Mayhem;xefu
53450035;Worms Forts: Under Siege;xefu
4C41000F;Wrath Unleashed;xefu3
5451000D;WWE Raw 2;xefu
54510002;WWF Raw;xefu7
41560008;X2: Wolverine’s Revenge;xefu5
4D53003D;Xbox Demos;xefu7
4B4E0038;Xiaolin Showdown;xefu5
55530009;XIII;xefu
5553003D;XIII;xefu
5553803E;XIII;xefu
53550004;Yonega Kunio no Shogi Seminar;xefu3
52440001;Yourself!Fitness;xefu
4B4E001E;Yu-Gi-Oh! The Dawn of Destiny;xefu7
49470012;Zapper;xefu3
5454008C;Zathura;xefu7
4143000D;;xefu7
4143000F;;xefu7
41430014;;xefu7
41430017;;xefu7
41430018;;xefu3
4143001A;;xefu7
4143001B;;xefu7
4143001F;;xefu7
41540001;;xefu2021c
41540002;;xefu7
41540003;;xefu7
41540004;;xefu7
41560003;;xefu7
41560007;;xefu7
41560009;;xefu7
4156001B;;xefu7
4156001E;;xefu7
41560026;;xefu7
4156003B;;xefu7
4156003D;;xefu2021c
41560046;;xefu7
41560047;;xefu7
41560048;;xefu7
4156004F;;xefu7
41560054;;xefu7
4156005B;;xefu7
4156005E;;xefu7
42410002;;xefu7
42420002;;xefu7
424D0002;;xefu7
424D0003;;xefu7
42520001;;xefu7
42530004;;xefu7
42530006;;xefu7
4253000B;;xefu7
42560001;;xefu7
42560002;;xefu7
42560004;;xefu7
42570001;;xefu7
43430003;;xefu7
43430005;;xefu1_1
43430015;;xefu7
43430018;;xefu2021c
43430019;;xefu2021c
434D0001;;xefu2021c
434D0004;;xefu7
434D0006;;xefu7
434D0008;;xefu7
434D000C;;xefu7
434D000D;;xefu7
434D000F;;xefu7
434D0011;;xefu7
434D002A;;xefu7
434D003F;;xefu7
434D0046;;xefu7
434D004E;;xefu7
434D0054;;xefu7
434D005A;;xefu7
434D005B;;xefu7
43560008;;xefu7
4356000D;;xefu7
43560010;;xefu7
43560011;;xefu7
44430002;;xefu7
44430004;;xefu7
44580001;;xefu7
45410001;;xefu7
45410004;;xefu7
45410005;;xefu7
45410009;;xefu7
4541000A;;xefu7
4541000B;;xefu2021c
45410015;;xefu7
45410019;;xefu7
4541001C;;xefu7
4541001E;;xefu7
45410021;;xefu7
45410027;;xefu7
45410028;;xefu7
4541002F;;xefu7
45410031;;xefu7
45410032;;xefu7
45410035;;xefu7
45410036;;xefu7
4541003A;;xefu7
45410043;;xefu7
45410044;;xefu7
45410048;;xefu7
4541004D;;xefu7
4541004E;;xefu7
45410050;;xefu7
45410051;;xefu7
45410053;;xefu7
45410054;;xefu7
45410057;;xefu7
45410061;;xefu7
45410065;;xefu7
4541006D;;xefu7
45410070;;xefu7
45410074;;xefu7
45410075;;xefu7
45410076;;xefu7
4541007A;;xefu7
4541007C;;xefu7
4541007E;;xefu7
4541008D;;xefu7
4541008E;;xefu7
4541009E;;xefu7
4541009F;;xefu7
454100A0;;xefu7
454100A1;;xefu6
454100A2;;xefu7
454100A3;;xefu7
454100A5;;xefu7
454100AB;;xefu7
454100AC;;xefu7
4541023B;;xefu7
45430004;;xefu7
454D0004;;xefu7
454D0007;;xefu7
454D000A;;xefu7
454D000D;;xefu7
454D0017;;xefu2021c
454D001D;;xefu7
454D001E;;xefu7
454D001F;;xefu7
45530009;;xefu2021c
4553000D;;xefu7
4553000E;;xefu7
45530011;;xefu7
45530014;;xefu1_1
45530016;;xefu7
4553001A;;xefu7
464C0002;;xefu2021c
47560004;;xefu7
47560009;;xefu7
4756000B;;xefu7
48450001;;xefu7
48450004;;xefu7
48500001;;xefu7
48500005;;xefu7
49410001;;xefu7
49470001;;xefu7
49470004;;xefu7
49470009;;xefu7
4947000B;;xefu7
4947000F;;xefu7
49470011;;xefu7
49470016;;xefu7
49470027;;xefu7
49470028;;xefu7
49470034;;xefu7
49470038;;xefu7
4947007A;;xefu7
4947007D;;xefu7
4947007F;;xefu7
494C0002;;xefu7
494C0006;;xefu2021b
494F0003;;xefu7
4A410007;;xefu7
4A570002;;xefu
4A570003;;xefu7
4A57000A;;xefu7
4B410001;;xefu7
4B420001;;xefu7
4B420006;;xefu7
4B420007;;xefu7
4B490002;;xefu7
4B4B0002;;xefu7
4B4E0001;;xefu7
4B4E0003;;xefu7
4B4E0008;;xefu7
4B4E000B;;xefu7
4B4E000E;;xefu7
4B4E0010;;xefu7
4B4E0012;;xefu7
4B4E0019;;xefu7
4B4E001A;;xefu7
4B4E0021;;xefu7
4B4E0022;;xefu2021c
4B4E0025;;xefu7
4B4E0029;;xefu7
4B4E002E;;xefu7
4B4E0037;;xefu7
4C410001;;xefu2021c
4C410002;;xefu7
4C410006;;xefu7
4C410009;;xefu7
4C530002;;xefu7
4D440003;;xefu7
4D450001;;xefu7
4D490003;;xefu7
4D49000B;;xefu7
4D4A0001;;xefu2021c
4D4A0002;;xefu7
4D4A0003;;xefu7
4D4A0009;;xefu7
4D4A000F;;xefu7
4D4A0013;;xefu7
4D4A0014;;xefu2021c
4D4D0001;;xefu7
4D530006;;xefu7b
4D53000A;;xefu7
4D53000B;;xefu7
4D530010;;xefu2021c
4D530028;;xefu7
4D530035;;xefu7
4D530045;;xefu7
4D53004E;;xefu7
4D530050;;xefu7
4D5300D2;;xefu2021c
4D5300D3;;xefu7
4D5300D4;;xefu7
4D570002;;xefu7
4D570003;;xefu7
4D570004;;xefu7
4D570005;;xefu7
4D570006;;xefu7
4D57000E;;xefu2021c
4D570011;;xefu3
4D570012;;xefu7
4D570016;;xefu7
4D570017;;xefu7
4D570024;;xefu7
4D570025;;xefu7
4D57002C;;xefu7
4D57002E;;xefu7
4D570038;;xefu7
4E4C0002;;xefu2021c
4E4D0006;;xefu7
4E4D0008;;xefu7
4E4D0015;;xefu7
4F580001;;xefu7
4F580002;;xefu7
4F580004;;xefu7
50430001;;xefu7
52410003;;xefu7
53410003;;xefu7
53430006;;xefu7b
5343000A;;xefu2021c
5343000C;;xefu2021c
534300F7;;xefu7
534300F9;;xefu7
53450002;;xefu7
53450010;;xefu7
5345001D;;xefu7
53450023;;xefu7
53450025;;xefu7
53450031;;xefu7
53450037;;xefu7
53450081;;xefu7
5345008B;;xefu7
534E0002;;xefu7
534E0003;;xefu7
534E0005;;xefu7
534E0007;;xefu7
534E0008;;xefu7
53540001;;xefu7
53550007;;xefu7
53550008;;xefu7
54430009;;xefu7
544D0001;;xefu7
544D0005;;xefu7
544D0007;;xefu7
544D0008;;xefu7
544D000B;;xefu7
544D000D;;xefu7
544D0011;;xefu7
544D0012;;xefu7
544D0013;;xefu7
54510003;;xefu7
54510004;;xefu7
54510009;;xefu7
5451000E;;xefu7
54510010;;xefu7b
5451001E;;xefu7
54510024;;xefu7
5451008B;;xefu7
545100EF;;xefu7
545100F4;;xefu7
545100F5;;xefu7
545100F7;;xefu7
54510106;;xefu7
54510109;;xefu7
54530002;;xefu7
54540008;;xefu7
5454000B;;xefu7
54540010;;xefu7
54540015;;xefu7
54540016;;xefu7
5454007D;;xefu7
5454007E;;xefu7
54540081;;xefu2021c
54540087;;xefu7
54540088;;xefu7
5454008A;;xefu2021c
5454008D;;xefu7
54540090;;xefu7
54540091;;xefu7
54540092;;xefu7
5454009C;;xefu7
545400AD;;xefu7
545400AE;;xefu7
545400AF;;xefu7
545400B1;;xefu7
55530001;;xefu7
55530002;;xefu7
5553000B;;xefu2021c
55530012;;xefu7
55530036;;xefu7
5553003A;;xefu7
5553003F;;xefu7
55530049;;xefu7
5553004A;;xefu7
5553004C;;xefu7
55530054;;xefu7
55530056;;xefu7
55530057;;xefu7
5553005F;;xefu7
56550009;;xefu2021c
5655000E;;xefu7
56550013;;xefu7
56550017;;xefu7
56550019;;xefu7
56550027;;xefu7
56550028;;xefu2
5655002D;;xefu7
56550037;;xefu7
56550042;;xefu2021c
56550043;;xefu7
56550049;;xefu7
5655004B;;xefu7
5655801B;;xefu7
56560025;;xefu7
56560029;;xefu7
57450001;;xefu7
57450005;;xefu7
58490004;;xefu2021c
58490005;;xefu7
584D0003;;xefu2021c
58500004;;xefu7
5A440001;;xefu7
